{
  "plastic": {
    "precision": 0.5827814569536424,
    "recall": 0.4888888888888889,
    "f1-score": 0.5317220543806647,
    "support": 540.0
  },
  "glass": {
    "precision": 0.345,
    "recall": 0.345,
    "f1-score": 0.345,
    "support": 200.0
  },
  "metal": {
    "precision": 0.26666666666666666,
    "recall": 0.10526315789473684,
    "f1-score": 0.1509433962264151,
    "support": 456.0
  },
  "paper": {
    "precision": 0.4332298136645963,
    "recall": 0.5334608030592735,
    "f1-score": 0.4781491002570694,
    "support": 523.0
  },
  "cardboard": {
    "precision": 0.5107913669064749,
    "recall": 0.6081370449678801,
    "f1-score": 0.555229716520039,
    "support": 467.0
  },
  "organic": {
    "precision": 0.6591591591591591,
    "recall": 0.7582037996545768,
    "f1-score": 0.7052208835341366,
    "support": 579.0
  },
  "other": {
    "precision": 0.11960132890365449,
    "recall": 0.15319148936170213,
    "f1-score": 0.13432835820895522,
    "support": 235.0
  },
  "accuracy": 0.473,
  "macro avg": {
    "precision": 0.4167471131791705,
    "recall": 0.42744931197529407,
    "f1-score": 0.41437050130389724,
    "support": 3000.0
  },
  "weighted avg": {
    "precision": 0.46006007103079544,
    "recall": 0.473,
    "f1-score": 0.4580714702798264,
    "support": 3000.0
  }
}