epoch,train_loss,val_loss,train_acc,val_acc
1,1.83482,1.754863,0.255125,0.32
2,1.697456,1.689732,0.3325,0.346
3,1.648698,1.661907,0.360875,0.3535
4,1.603187,1.586398,0.38075,0.398
5,1.576445,1.594895,0.394375,0.37
6,1.551798,1.556844,0.40575,0.384
7,1.523409,1.516323,0.41575,0.4155
8,1.504384,1.498957,0.419625,0.4195
