epoch,train_loss,val_loss,train_acc,val_acc
1,3.830031,3.614241,0.034212,0.053191
2,3.656413,3.594692,0.032787,0.024823
3,3.632036,3.5529,0.025659,0.053191
4,3.608009,3.52445,0.034212,0.049645
5,3.599261,3.56771,0.037063,0.028369
