{
  "plastic": {
    "precision": 0.5284552845528455,
    "recall": 0.52,
    "f1-score": 0.5241935483870968,
    "support": 250.0
  },
  "glass": {
    "precision": 0.5163043478260869,
    "recall": 0.475,
    "f1-score": 0.4947916666666667,
    "support": 200.0
  },
  "metal": {
    "precision": 0.375,
    "recall": 0.192,
    "f1-score": 0.25396825396825395,
    "support": 250.0
  },
  "paper": {
    "precision": 0.4044943820224719,
    "recall": 0.576,
    "f1-score": 0.4752475247524752,
    "support": 250.0
  },
  "cardboard": {
    "precision": 0.5524475524475524,
    "recall": 0.632,
    "f1-score": 0.5895522388059702,
    "support": 250.0
  },
  "accuracy": 0.4791666666666667,
  "macro avg": {
    "precision": 0.4753403133697914,
    "recall": 0.479,
    "f1-score": 0.4675506465160925,
    "support": 1200.0
  },
  "weighted avg": {
    "precision": 0.4736334786007791,
    "recall": 0.4791666666666667,
    "f1-score": 0.4664156040098187,
    "support": 1200.0
  }
}