{
  "model": "cnn",
  "accuracy": 0.4791666666666667,
  "f1_macro": 0.4675506465160925,
  "best_val_accuracy": 0.4688,
  "epochs": 5,
  "batch_size": 64,
  "lr": 0.001,
  "image_size": 64,
  "device": "cuda"
}