epoch,train_loss,val_loss,train_acc,val_acc
1,1.536671,1.484019,0.3258,0.3328
2,1.398199,1.431306,0.4288,0.3808
3,1.346746,1.393066,0.4516,0.4088
4,1.323863,1.327593,0.4618,0.4688
5,1.302865,1.329992,0.4748,0.4592
