{
  "background": {
    "precision": 0.9761904761904762,
    "recall": 0.6833333333333333,
    "f1-score": 0.803921568627451,
    "support": 60.0
  },
  "garbage": {
    "precision": 0.6415094339622641,
    "recall": 0.9714285714285714,
    "f1-score": 0.7727272727272727,
    "support": 35.0
  },
  "accuracy": 0.7894736842105263,
  "macro avg": {
    "precision": 0.8088499550763701,
    "recall": 0.8273809523809523,
    "f1-score": 0.7883244206773619,
    "support": 95.0
  },
  "weighted avg": {
    "precision": 0.8528869343169243,
    "recall": 0.7894736842105263,
    "f1-score": 0.7924289332958063,
    "support": 95.0
  }
}