{
  "model": "cnn",
  "accuracy": 0.7894736842105263,
  "f1_macro": 0.7883244206773619,
  "best_val_accuracy": 0.7741935483870968,
  "epochs": 5,
  "batch_size": 64,
  "lr": 0.001,
  "image_size": 64,
  "device": "cuda"
}