epoch,train_loss,val_loss,train_acc,val_acc
1,0.681888,0.654125,0.569106,0.645161
2,0.670896,0.631342,0.569106,0.645161
3,0.653088,0.592743,0.613008,0.645161
4,0.614457,0.532154,0.689431,0.698925
5,0.546453,0.518265,0.754472,0.774194
