{
  "cardboard": {
    "precision": 0.75,
    "recall": 0.7317073170731707,
    "f1-score": 0.7407407407407407,
    "support": 41.0
  },
  "glass": {
    "precision": 0.35135135135135137,
    "recall": 0.26,
    "f1-score": 0.2988505747126437,
    "support": 50.0
  },
  "metal": {
    "precision": 0.3333333333333333,
    "recall": 0.12195121951219512,
    "f1-score": 0.17857142857142858,
    "support": 41.0
  },
  "paper": {
    "precision": 0.32894736842105265,
    "recall": 0.4166666666666667,
    "f1-score": 0.36764705882352944,
    "support": 60.0
  },
  "plastic": {
    "precision": 0.4166666666666667,
    "recall": 0.625,
    "f1-score": 0.5,
    "support": 48.0
  },
  "accuracy": 0.42916666666666664,
  "macro avg": {
    "precision": 0.43605974395448077,
    "recall": 0.4310650406504065,
    "f1-score": 0.41716196056966853,
    "support": 240.0
  },
  "weighted avg": {
    "precision": 0.4238378180812391,
    "recall": 0.42916666666666664,
    "f1-score": 0.41122146336184534,
    "support": 240.0
  }
}