{
  "model": "cnn",
  "accuracy": 0.42916666666666664,
  "f1_macro": 0.41716196056966853,
  "best_val_accuracy": 0.42016806722689076,
  "epochs": 5,
  "batch_size": 64,
  "lr": 0.001,
  "image_size": 64,
  "device": "cuda"
}