epoch,train_loss,val_loss,train_acc,val_acc
1,1.602039,1.579107,0.207647,0.315126
2,1.525046,1.498281,0.340588,0.382353
3,1.424466,1.425081,0.384118,0.403361
4,1.386835,1.398923,0.405882,0.420168
5,1.353293,1.38772,0.432941,0.415966
