{
  "cardboard": {
    "precision": 0.75,
    "recall": 0.7317073170731707,
    "f1-score": 0.7407407407407407,
    "support": 41.0
  },
  "glass": {
    "precision": 0.3333333333333333,
    "recall": 0.22,
    "f1-score": 0.26506024096385544,
    "support": 50.0
  },
  "metal": {
    "precision": 0.2777777777777778,
    "recall": 0.12195121951219512,
    "f1-score": 0.1694915254237288,
    "support": 41.0
  },
  "paper": {
    "precision": 0.3157894736842105,
    "recall": 0.4,
    "f1-score": 0.35294117647058826,
    "support": 60.0
  },
  "plastic": {
    "precision": 0.410958904109589,
    "recall": 0.625,
    "f1-score": 0.49586776859504134,
    "support": 48.0
  },
  "accuracy": 0.4166666666666667,
  "macro avg": {
    "precision": 0.41757189778098214,
    "recall": 0.41973170731707315,
    "f1-score": 0.4048202904387909,
    "support": 240.0
  },
  "weighted avg": {
    "precision": 0.4061622973911186,
    "recall": 0.4166666666666667,
    "f1-score": 0.3981277435072221,
    "support": 240.0
  }
}