{
  "model": "cnn",
  "accuracy": 0.4166666666666667,
  "f1_macro": 0.4048202904387909,
  "best_val_accuracy": 0.4117647058823529,
  "epochs": 5,
  "batch_size": 64,
  "lr": 0.001,
  "image_size": 64,
  "device": "cuda"
}