epoch,train_loss,val_loss,train_acc,val_acc
1,1.602037,1.579096,0.207647,0.315126
2,1.524983,1.497885,0.342353,0.382353
3,1.42421,1.425716,0.384118,0.394958
4,1.386492,1.398096,0.405882,0.411765
5,1.352195,1.387204,0.43,0.411765
