{
  "model": "ann",
  "accuracy": 0.02252252252252252,
  "f1_macro": 0.002035002035002035,
  "best_val_accuracy": 0.04017857142857143,
  "epochs": 5,
  "batch_size": 64,
  "lr": 0.001,
  "image_size": 64,
  "device": "cuda"
}