epoch,train_loss,val_loss,train_acc,val_acc
1,3.912649,3.655288,0.024742,0.03125
2,3.684361,3.664554,0.027835,0.040179
3,3.693145,3.654361,0.031959,0.035714
4,3.662212,3.646883,0.029897,0.008929
5,3.657778,3.636776,0.035052,0.013393
