{
  "plastic": {
    "precision": 0.42401960784313725,
    "recall": 0.40232558139534885,
    "f1-score": 0.4128878281622912,
    "support": 430.0
  },
  "glass": {
    "precision": 0.4770992366412214,
    "recall": 0.2900232018561485,
    "f1-score": 0.36075036075036077,
    "support": 431.0
  },
  "metal": {
    "precision": 0.38461538461538464,
    "recall": 0.1382488479262673,
    "f1-score": 0.2033898305084746,
    "support": 434.0
  },
  "paper": {
    "precision": 0.2893481717011129,
    "recall": 0.42424242424242425,
    "f1-score": 0.3440453686200378,
    "support": 429.0
  },
  "cardboard": {
    "precision": 0.3703125,
    "recall": 0.5460829493087558,
    "f1-score": 0.441340782122905,
    "support": 434.0
  },
  "organic": {
    "precision": 0.5610859728506787,
    "recall": 0.2863741339491917,
    "f1-score": 0.37920489296636084,
    "support": 433.0
  },
  "other": {
    "precision": 0.4619883040935672,
    "recall": 0.7726161369193154,
    "f1-score": 0.5782250686184812,
    "support": 409.0
  },
  "accuracy": 0.4056666666666667,
  "macro avg": {
    "precision": 0.4240670253921574,
    "recall": 0.4085590393710646,
    "f1-score": 0.3885491616784159,
    "support": 3000.0
  },
  "weighted avg": {
    "precision": 0.42387690418879426,
    "recall": 0.4056666666666667,
    "f1-score": 0.38704116411086625,
    "support": 3000.0
  }
}