{
  "model": "ann",
  "accuracy": 0.4056666666666667,
  "f1_macro": 0.3885491616784159,
  "best_val_accuracy": 0.4245,
  "epochs": 8,
  "batch_size": 64,
  "lr": 0.001,
  "image_size": 64,
  "device": "cuda"
}