epoch,train_loss,val_loss,train_acc,val_acc
1,1.930847,1.708903,0.239,0.383
2,1.738237,1.641717,0.315625,0.3625
3,1.706795,1.682133,0.340375,0.348
4,1.671889,1.602959,0.357625,0.4245
5,1.667142,1.583899,0.354,0.4035
6,1.640409,1.592193,0.366125,0.3785
7,1.635016,1.572369,0.367125,0.4205
8,1.628052,1.614566,0.37,0.4015
