{
  "model": "ann",
  "accuracy": 0.6210526315789474,
  "f1_macro": 0.38311688311688313,
  "best_val_accuracy": 0.6451612903225806,
  "epochs": 5,
  "batch_size": 64,
  "lr": 0.001,
  "image_size": 64,
  "device": "cuda"
}