epoch,train_loss,val_loss,train_acc,val_acc
1,1.394244,0.767769,0.486179,0.376344
2,0.836128,0.699478,0.471545,0.397849
3,0.701515,0.647061,0.580488,0.645161
4,0.6924,0.644466,0.554472,0.645161
5,0.670193,0.613112,0.578862,0.645161
