class_id,class_name,n_objects,hsv_h_hist_1,hsv_h_hist_2,hsv_h_hist_3,hsv_h_hist_4,hsv_h_hist_5,hsv_h_hist_6,hsv_h_hist_7,hsv_h_hist_8,hsv_h_hist_9,hsv_h_hist_10,hsv_h_hist_11,hsv_h_hist_12,hsv_h_hist_13,hsv_h_hist_14,hsv_h_hist_15,hsv_h_hist_16,hsv_s_hist_1,hsv_s_hist_2,hsv_s_hist_3,hsv_s_hist_4,hsv_s_hist_5,hsv_s_hist_6,hsv_s_hist_7,hsv_s_hist_8,hsv_v_hist_1,hsv_v_hist_2,hsv_v_hist_3,hsv_v_hist_4,hsv_v_hist_5,hsv_v_hist_6,hsv_v_hist_7,hsv_v_hist_8,b_mean,g_mean,r_mean,b_std,g_std,r_std,h_mean,s_mean,v_mean,h_std,s_std,v_std
0,background,400,0.072975,0.059911,0.033135,0.023887,0.011913,0.005911,0.005714,0.006294,0.024743,0.049234,0.016075,0.005441,0.002872,0.003053,0.003922,0.008254,0.104764,0.05202,0.044475,0.037136,0.034267,0.021207,0.017624,0.021841,0.027416,0.028476,0.036358,0.042932,0.045773,0.045039,0.04564,0.061699,117.01178,126.501152,126.862526,54.304825,49.177349,50.437183,54.329681,85.876991,145.343307,32.930054,45.343399,49.938854
1,garbage,265,0.052175,0.083975,0.038064,0.02595,0.01606,0.007301,0.007095,0.006246,0.019694,0.034177,0.013356,0.006264,0.004202,0.003471,0.005408,0.009896,0.125324,0.088321,0.053972,0.033243,0.018049,0.009395,0.003597,0.001432,0.012043,0.033288,0.055816,0.070791,0.065199,0.046072,0.02825,0.021875,107.798393,117.078972,119.960785,53.176361,50.225685,51.059364,52.929146,57.424706,128.155792,41.848637,38.022366,52.006927
