{
  "model": "cnn",
  "accuracy": 0.05725190839694656,
  "f1_macro": 0.0027770063871146904,
  "best_val_accuracy": 0.05319148936170213,
  "epochs": 5,
  "batch_size": 64,
  "lr": 0.001,
  "image_size": 64,
  "device": "cuda"
}