epoch,train_loss,val_loss,train_acc,val_acc
1,3.644723,3.54821,0.027085,0.053191
2,3.565839,3.490452,0.030649,0.053191
3,3.54806,3.489569,0.031361,0.042553
4,3.535112,3.48494,0.042053,0.028369
5,3.527068,3.477971,0.044904,0.042553
