{
  "plastic": {
    "precision": 0.5184210526315789,
    "recall": 0.3648148148148148,
    "f1-score": 0.4282608695652174,
    "support": 540.0
  },
  "glass": {
    "precision": 0.34502923976608185,
    "recall": 0.295,
    "f1-score": 0.31805929919137466,
    "support": 200.0
  },
  "metal": {
    "precision": 0.2595419847328244,
    "recall": 0.37280701754385964,
    "f1-score": 0.30603060306030605,
    "support": 456.0
  },
  "paper": {
    "precision": 0.1875,
    "recall": 0.028680688336520075,
    "f1-score": 0.04975124378109453,
    "support": 523.0
  },
  "cardboard": {
    "precision": 0.3075523202911738,
    "recall": 0.7237687366167024,
    "f1-score": 0.43167305236270753,
    "support": 467.0
  },
  "organic": {
    "precision": 0.7428571428571429,
    "recall": 0.2694300518134715,
    "f1-score": 0.39543726235741444,
    "support": 579.0
  },
  "other": {
    "precision": 0.28888888888888886,
    "recall": 0.4978723404255319,
    "f1-score": 0.365625,
    "support": 235.0
  },
  "accuracy": 0.3506666666666667,
  "macro avg": {
    "precision": 0.37854151845252726,
    "recall": 0.36462480707870004,
    "f1-score": 0.3278339043311592,
    "support": 3000.0
  },
  "weighted avg": {
    "precision": 0.40233232319719664,
    "recall": 0.3506666666666667,
    "f1-score": 0.3256379834182772,
    "support": 3000.0
  }
}