{
  "model": "ann",
  "accuracy": 0.3506666666666667,
  "f1_macro": 0.3278339043311592,
  "best_val_accuracy": 0.389,
  "epochs": 8,
  "batch_size": 64,
  "lr": 0.001,
  "image_size": 64,
  "device": "cuda"
}