epoch,train_loss,val_loss,train_acc,val_acc
1,1.964264,1.781265,0.219125,0.2975
2,1.774273,1.724534,0.302,0.3205
3,1.740082,1.701515,0.322375,0.341
4,1.72572,1.691313,0.326,0.3485
5,1.720332,1.627276,0.3235,0.389
6,1.678895,1.629201,0.348,0.38
7,1.674459,1.653607,0.348125,0.363
8,1.684699,1.642586,0.335625,0.3415
