{
  "plastic": {
    "precision": 0.4461538461538462,
    "recall": 0.5395348837209303,
    "f1-score": 0.4884210526315789,
    "support": 430.0
  },
  "glass": {
    "precision": 0.4684385382059801,
    "recall": 0.3271461716937355,
    "f1-score": 0.38524590163934425,
    "support": 431.0
  },
  "metal": {
    "precision": 0.4523809523809524,
    "recall": 0.1313364055299539,
    "f1-score": 0.20357142857142857,
    "support": 434.0
  },
  "paper": {
    "precision": 0.5109489051094891,
    "recall": 0.16317016317016317,
    "f1-score": 0.24734982332155478,
    "support": 429.0
  },
  "cardboard": {
    "precision": 0.4740882917466411,
    "recall": 0.5691244239631337,
    "f1-score": 0.5172774869109947,
    "support": 434.0
  },
  "organic": {
    "precision": 0.5541044776119403,
    "recall": 0.6859122401847575,
    "f1-score": 0.6130030959752322,
    "support": 433.0
  },
  "other": {
    "precision": 0.3259604190919674,
    "recall": 0.684596577017115,
    "f1-score": 0.4416403785488959,
    "support": 409.0
  },
  "accuracy": 0.44133333333333336,
  "macro avg": {
    "precision": 0.4617250614715452,
    "recall": 0.4429744093256841,
    "f1-score": 0.4137870239427185,
    "support": 3000.0
  },
  "weighted avg": {
    "precision": 0.4627576487569542,
    "recall": 0.44133333333333336,
    "f1-score": 0.41369493171540966,
    "support": 3000.0
  }
}