epoch,train_loss,val_loss,train_acc,val_acc
1,1.820233,1.703751,0.26325,0.3285
2,1.684019,1.628544,0.341375,0.3715
3,1.633957,1.587448,0.363625,0.3865
4,1.59139,1.549711,0.380125,0.419
5,1.535324,1.513022,0.41675,0.4325
6,1.502937,1.461633,0.426375,0.466
7,1.473124,1.453862,0.443875,0.46
8,1.439022,1.419397,0.455,0.473
