{
  "model": "cnn",
  "accuracy": 0.05855855855855856,
  "f1_macro": 0.012380896151355082,
  "best_val_accuracy": 0.05803571428571429,
  "epochs": 5,
  "batch_size": 64,
  "lr": 0.001,
  "image_size": 64,
  "device": "cuda"
}