epoch,train_loss,val_loss,train_acc,val_acc
1,3.667064,3.631345,0.030928,0.040179
2,3.632084,3.575105,0.030928,0.044643
3,3.614498,3.567333,0.03299,0.049107
4,3.601283,3.54726,0.038144,0.058036
5,3.597062,3.556164,0.035052,0.053571
