{
  "logreg": {
    "plastic": {
      "precision": 0.2782101167315175,
      "recall": 0.17875,
      "f1-score": 0.2176560121765601,
      "support": 800.0
    },
    "glass": {
      "precision": 0.13320079522862824,
      "recall": 0.335,
      "f1-score": 0.1906116642958748,
      "support": 200.0
    },
    "metal": {
      "precision": 0.3996627318718381,
      "recall": 0.30859375,
      "f1-score": 0.34827332843497427,
      "support": 768.0
    },
    "paper": {
      "precision": 0.40702781844802344,
      "recall": 0.3475,
      "f1-score": 0.3749157113958193,
      "support": 800.0
    },
    "cardboard": {
      "precision": 0.6036585365853658,
      "recall": 0.2475,
      "f1-score": 0.35106382978723405,
      "support": 800.0
    },
    "organic": {
      "precision": 0.43180349062702006,
      "recall": 0.835,
      "f1-score": 0.5692373242437154,
      "support": 800.0
    },
    "accuracy": 0.3817178502879079,
    "macro avg": {
      "precision": 0.37559391491539884,
      "recall": 0.37539062500000003,
      "f1-score": 0.34195964505569637,
      "support": 4168.0
    },
    "weighted avg": {
      "precision": 0.410302568866804,
      "recall": 0.3817178502879079,
      "f1-score": 0.3636983088243518,
      "support": 4168.0
    }
  },
  "svm_rbf": {
    "plastic": {
      "precision": 0.3851203501094092,
      "recall": 0.22,
      "f1-score": 0.28003182179793157,
      "support": 800.0
    },
    "glass": {
      "precision": 0.23868312757201646,
      "recall": 0.58,
      "f1-score": 0.33819241982507287,
      "support": 200.0
    },
    "metal": {
      "precision": 0.5007012622720898,
      "recall": 0.46484375,
      "f1-score": 0.48210668467251855,
      "support": 768.0
    },
    "paper": {
      "precision": 0.4876325088339223,
      "recall": 0.345,
      "f1-score": 0.404099560761347,
      "support": 800.0
    },
    "cardboard": {
      "precision": 0.6407982261640798,
      "recall": 0.36125,
      "f1-score": 0.46203037569944044,
      "support": 800.0
    },
    "organic": {
      "precision": 0.45953177257525085,
      "recall": 0.85875,
      "f1-score": 0.5986928104575163,
      "support": 800.0
    },
    "accuracy": 0.4560940499040307,
    "macro avg": {
      "precision": 0.4520778745877947,
      "recall": 0.471640625,
      "f1-score": 0.4275256122023045,
      "support": 4168.0
    },
    "weighted avg": {
      "precision": 0.48242357991494667,
      "recall": 0.4560940499040307,
      "f1-score": 0.4399664282069331,
      "support": 4168.0
    }
  },
  "rf": {
    "plastic": {
      "precision": 0.45168067226890757,
      "recall": 0.26875,
      "f1-score": 0.33699059561128525,
      "support": 800.0
    },
    "glass": {
      "precision": 0.2300380228136882,
      "recall": 0.605,
      "f1-score": 0.3333333333333333,
      "support": 200.0
    },
    "metal": {
      "precision": 0.47,
      "recall": 0.4283854166666667,
      "f1-score": 0.4482288828337875,
      "support": 768.0
    },
    "paper": {
      "precision": 0.5162337662337663,
      "recall": 0.3975,
      "f1-score": 0.4491525423728814,
      "support": 800.0
    },
    "cardboard": {
      "precision": 0.6346863468634686,
      "recall": 0.43,
      "f1-score": 0.5126676602086438,
      "support": 800.0
    },
    "organic": {
      "precision": 0.48853211009174313,
      "recall": 0.79875,
      "f1-score": 0.6062618595825426,
      "support": 800.0
    },
    "accuracy": 0.4716890595009597,
    "macro avg": {
      "precision": 0.46519515304526227,
      "recall": 0.48806423611111116,
      "f1-score": 0.4477724789904123,
      "support": 4168.0
    },
    "weighted avg": {
      "precision": 0.49901005780447366,
      "recall": 0.4716890595009597,
      "f1-score": 0.464242940235916,
      "support": 4168.0
    }
  }
}