{
  "cardboard": {
    "precision": 0.7368421052631579,
    "recall": 0.6829268292682927,
    "f1-score": 0.7088607594936709,
    "support": 41.0
  },
  "glass": {
    "precision": 0.0,
    "recall": 0.0,
    "f1-score": 0.0,
    "support": 50.0
  },
  "metal": {
    "precision": 0.0,
    "recall": 0.0,
    "f1-score": 0.0,
    "support": 41.0
  },
  "paper": {
    "precision": 0.3939393939393939,
    "recall": 0.21666666666666667,
    "f1-score": 0.27956989247311825,
    "support": 60.0
  },
  "plastic": {
    "precision": 0.26582278481012656,
    "recall": 0.875,
    "f1-score": 0.4077669902912621,
    "support": 48.0
  },
  "accuracy": 0.3458333333333333,
  "macro avg": {
    "precision": 0.27932085680253566,
    "recall": 0.35491869918699187,
    "f1-score": 0.27923952845161026,
    "support": 240.0
  },
  "weighted avg": {
    "precision": 0.2775265984293299,
    "recall": 0.3458333333333333,
    "f1-score": 0.2725429175900341,
    "support": 240.0
  }
}