{
  "model": "ann",
  "accuracy": 0.3458333333333333,
  "f1_macro": 0.27923952845161026,
  "best_val_accuracy": 0.36554621848739494,
  "epochs": 5,
  "batch_size": 64,
  "lr": 0.001,
  "image_size": 64,
  "device": "cuda"
}