epoch,train_loss,val_loss,train_acc,val_acc
1,1.962886,1.597508,0.220588,0.247899
2,1.623682,1.597865,0.230588,0.281513
3,1.605418,1.57219,0.221176,0.226891
4,1.566434,1.536946,0.271765,0.323529
5,1.512565,1.455535,0.308235,0.365546
