{
  "decision_tree": {
    "plastic": {
      "precision": 0.3670886075949367,
      "recall": 0.348,
      "f1-score": 0.35728952772073924,
      "support": 250.0
    },
    "glass": {
      "precision": 0.3516483516483517,
      "recall": 0.48,
      "f1-score": 0.4059196617336152,
      "support": 200.0
    },
    "metal": {
      "precision": 0.35294117647058826,
      "recall": 0.264,
      "f1-score": 0.30205949656750575,
      "support": 250.0
    },
    "paper": {
      "precision": 0.35864978902953587,
      "recall": 0.34,
      "f1-score": 0.3490759753593429,
      "support": 250.0
    },
    "cardboard": {
      "precision": 0.5545851528384279,
      "recall": 0.508,
      "f1-score": 0.5302713987473904,
      "support": 250.0
    },
    "organic": {
      "precision": 0.5679442508710801,
      "recall": 0.652,
      "f1-score": 0.6070763500931099,
      "support": 250.0
    },
    "accuracy": 0.4303448275862069,
    "macro avg": {
      "precision": 0.42547622140882013,
      "recall": 0.432,
      "f1-score": 0.42528206837028387,
      "support": 1450.0
    },
    "weighted avg": {
      "precision": 0.42802201002125,
      "recall": 0.4303448275862069,
      "f1-score": 0.42594973756465176,
      "support": 1450.0
    }
  },
  "logreg": {
    "plastic": {
      "precision": 0.4725274725274725,
      "recall": 0.344,
      "f1-score": 0.39814814814814814,
      "support": 250.0
    },
    "glass": {
      "precision": 0.45867768595041325,
      "recall": 0.555,
      "f1-score": 0.502262443438914,
      "support": 200.0
    },
    "metal": {
      "precision": 0.43023255813953487,
      "recall": 0.444,
      "f1-score": 0.43700787401574803,
      "support": 250.0
    },
    "paper": {
      "precision": 0.41013824884792627,
      "recall": 0.356,
      "f1-score": 0.3811563169164882,
      "support": 250.0
    },
    "cardboard": {
      "precision": 0.5992779783393501,
      "recall": 0.664,
      "f1-score": 0.6299810246679317,
      "support": 250.0
    },
    "organic": {
      "precision": 0.7153284671532847,
      "recall": 0.784,
      "f1-score": 0.7480916030534351,
      "support": 250.0
    },
    "accuracy": 0.523448275862069,
    "macro avg": {
      "precision": 0.5143637351596636,
      "recall": 0.5245000000000001,
      "f1-score": 0.5161079017067776,
      "support": 1450.0
    },
    "weighted avg": {
      "precision": 0.5162839437530861,
      "recall": 0.523448275862069,
      "f1-score": 0.5165853313022211,
      "support": 1450.0
    }
  },
  "linear_svm": {
    "plastic": {
      "precision": 0.5238095238095238,
      "recall": 0.396,
      "f1-score": 0.4510250569476082,
      "support": 250.0
    },
    "glass": {
      "precision": 0.48034934497816595,
      "recall": 0.55,
      "f1-score": 0.5128205128205128,
      "support": 200.0
    },
    "metal": {
      "precision": 0.42424242424242425,
      "recall": 0.448,
      "f1-score": 0.4357976653696498,
      "support": 250.0
    },
    "paper": {
      "precision": 0.45454545454545453,
      "recall": 0.34,
      "f1-score": 0.3890160183066362,
      "support": 250.0
    },
    "cardboard": {
      "precision": 0.6048951048951049,
      "recall": 0.692,
      "f1-score": 0.6455223880597015,
      "support": 250.0
    },
    "organic": {
      "precision": 0.6677966101694915,
      "recall": 0.788,
      "f1-score": 0.7229357798165138,
      "support": 250.0
    },
    "accuracy": 0.5351724137931034,
    "macro avg": {
      "precision": 0.5259397437733608,
      "recall": 0.5356666666666667,
      "f1-score": 0.5261862368867704,
      "support": 1450.0
    },
    "weighted avg": {
      "precision": 0.5275118264904365,
      "recall": 0.5351724137931034,
      "f1-score": 0.5266471239235379,
      "support": 1450.0
    }
  },
  "rf": {
    "plastic": {
      "precision": 0.6012658227848101,
      "recall": 0.38,
      "f1-score": 0.46568627450980393,
      "support": 250.0
    },
    "glass": {
      "precision": 0.6355140186915887,
      "recall": 0.68,
      "f1-score": 0.6570048309178744,
      "support": 200.0
    },
    "metal": {
      "precision": 0.588495575221239,
      "recall": 0.532,
      "f1-score": 0.5588235294117647,
      "support": 250.0
    },
    "paper": {
      "precision": 0.5260416666666666,
      "recall": 0.404,
      "f1-score": 0.45701357466063347,
      "support": 250.0
    },
    "cardboard": {
      "precision": 0.6349809885931559,
      "recall": 0.668,
      "f1-score": 0.6510721247563352,
      "support": 250.0
    },
    "organic": {
      "precision": 0.5692695214105793,
      "recall": 0.904,
      "f1-score": 0.6986089644513137,
      "support": 250.0
    },
    "accuracy": 0.5917241379310345,
    "macro avg": {
      "precision": 0.5925945988946733,
      "recall": 0.5946666666666667,
      "f1-score": 0.5813682164512876,
      "support": 1450.0
    },
    "weighted avg": {
      "precision": 0.5911146189016762,
      "recall": 0.5917241379310345,
      "f1-score": 0.5787600573317501,
      "support": 1450.0
    }
  },
  "extra_trees": {
    "plastic": {
      "precision": 0.6647727272727273,
      "recall": 0.468,
      "f1-score": 0.5492957746478874,
      "support": 250.0
    },
    "glass": {
      "precision": 0.6123348017621145,
      "recall": 0.695,
      "f1-score": 0.6510538641686182,
      "support": 200.0
    },
    "metal": {
      "precision": 0.6548223350253807,
      "recall": 0.516,
      "f1-score": 0.5771812080536913,
      "support": 250.0
    },
    "paper": {
      "precision": 0.5323383084577115,
      "recall": 0.428,
      "f1-score": 0.4745011086474501,
      "support": 250.0
    },
    "cardboard": {
      "precision": 0.6286764705882353,
      "recall": 0.684,
      "f1-score": 0.6551724137931034,
      "support": 250.0
    },
    "organic": {
      "precision": 0.5915119363395226,
      "recall": 0.892,
      "f1-score": 0.7113237639553429,
      "support": 250.0
    },
    "accuracy": 0.6110344827586207,
    "macro avg": {
      "precision": 0.614076096574282,
      "recall": 0.6138333333333333,
      "f1-score": 0.6030880222110154,
      "support": 1450.0
    },
    "weighted avg": {
      "precision": 0.6141361412229773,
      "recall": 0.6110344827586207,
      "f1-score": 0.6014340276607533,
      "support": 1450.0
    }
  },
  "xgboost": {
    "plastic": {
      "precision": 0.7150837988826816,
      "recall": 0.512,
      "f1-score": 0.5967365967365967,
      "support": 250.0
    },
    "glass": {
      "precision": 0.6160337552742616,
      "recall": 0.73,
      "f1-score": 0.6681922196796338,
      "support": 200.0
    },
    "metal": {
      "precision": 0.6239669421487604,
      "recall": 0.604,
      "f1-score": 0.6138211382113821,
      "support": 250.0
    },
    "paper": {
      "precision": 0.5721649484536082,
      "recall": 0.444,
      "f1-score": 0.5,
      "support": 250.0
    },
    "cardboard": {
      "precision": 0.6666666666666666,
      "recall": 0.72,
      "f1-score": 0.6923076923076923,
      "support": 250.0
    },
    "organic": {
      "precision": 0.6890243902439024,
      "recall": 0.904,
      "f1-score": 0.7820069204152249,
      "support": 250.0
    },
    "accuracy": 0.6496551724137931,
    "macro avg": {
      "precision": 0.6471567502783134,
      "recall": 0.6523333333333333,
      "f1-score": 0.642177427891755,
      "support": 1450.0
    },
    "weighted avg": {
      "precision": 0.6482299570025911,
      "recall": 0.6496551724137931,
      "f1-score": 0.6412803661059661,
      "support": 1450.0
    }
  }
}