class_id,class_name,n_objects,mean_intensity,std_intensity,p10_intensity,p50_intensity,p90_intensity,grad_mean,grad_std,edge_density
0,cardboard,322,151.591415,44.069996,92.951866,153.717392,206.785721,54.720425,83.4291,0.078628
1,glass,400,171.389633,46.574539,98.381248,185.399994,216.21875,54.115131,88.551872,0.09014
2,metal,328,159.102509,52.588295,81.664635,171.631104,213.695129,70.047516,106.740059,0.114155
3,paper,400,166.092239,45.289276,101.183746,173.133743,218.835007,77.129456,96.80513,0.13001
4,plastic,386,170.022446,36.138752,121.340675,173.67746,211.093262,44.689579,67.869156,0.084597
5,trash,110,167.068344,42.705078,103.945457,181.090912,207.972733,48.667271,79.861618,0.079383
