{
  "plastic": {
    "precision": 0.5804597701149425,
    "recall": 0.404,
    "f1-score": 0.47641509433962265,
    "support": 250.0
  },
  "glass": {
    "precision": 0.36795252225519287,
    "recall": 0.62,
    "f1-score": 0.4618249534450652,
    "support": 200.0
  },
  "metal": {
    "precision": 0.4074074074074074,
    "recall": 0.088,
    "f1-score": 0.14473684210526316,
    "support": 250.0
  },
  "paper": {
    "precision": 0.3458333333333333,
    "recall": 0.332,
    "f1-score": 0.33877551020408164,
    "support": 250.0
  },
  "cardboard": {
    "precision": 0.4050632911392405,
    "recall": 0.64,
    "f1-score": 0.49612403100775193,
    "support": 250.0
  },
  "accuracy": 0.4083333333333333,
  "macro avg": {
    "precision": 0.4213432648500233,
    "recall": 0.4168,
    "f1-score": 0.3835752862203569,
    "support": 1200.0
  },
  "weighted avg": {
    "precision": 0.42356787912480787,
    "recall": 0.4083333333333333,
    "f1-score": 0.3803148834193274,
    "support": 1200.0
  }
}