{
  "model": "ann",
  "accuracy": 0.4083333333333333,
  "f1_macro": 0.3835752862203569,
  "best_val_accuracy": 0.4072,
  "epochs": 5,
  "batch_size": 64,
  "lr": 0.001,
  "image_size": 64,
  "device": "cuda"
}