epoch,train_loss,val_loss,train_acc,val_acc
1,1.773882,1.559559,0.2346,0.3016
2,1.537443,1.52347,0.3168,0.3176
3,1.519744,1.483597,0.3286,0.3464
4,1.486812,1.432963,0.3494,0.4072
5,1.475398,1.420203,0.3464,0.3808
